"Bin","Slope"
1,NA
2,1.57362406642301
3,NA
4,2.17283777466106
5,0.404280891651484
6,33.3633114808417
7,NA
8,NA
9,6.10161290322581
