"Bin","Slope"
"1",NA
"2",2.33922300364017e-05
"3",NA
"4",1.38171997938879e-06
"5",1.88931389483156e-05
"6",1.64697889614111e-08
"7",9.77081356804995e-07
"8",7.05142000755557e-09
"9",2.12724745908786e-06
