"Bin","Slope"
"1",NA
"2",0.00606717200618088
"3",NA
"4",0.00168500367194692
"5",0.00276371761584291
"6",0.000703333280822035
"7",0.00135382815591752
"8",0.00085509827488812
"9",0.00360272682071856
