"Bin","Slope"
1,NA
2,1.57362406642301
3,NA
4,2.05485729151182
5,0.404280891651484
6,30.0354609929078
7,1.87584243931165
8,103.694441535629
9,6.10161290322581
