"Bin","Temp_Change","Discharge_Change","Change.DOY"
1,-0.264852216747967,NA,NA
2,0.0970512820512818,1.57362406642301,NA
3,-0.0234949111609453,NA,NA
4,0.0822084453682239,2.17283777466106,NA
5,0.0412279973254244,0.404280891651484,-0.4504
6,0.0544107243909952,33.3633114808417,NA
7,NA,NA,NA
8,NA,NA,NA
9,0.161290322580645,6.10161290322581,NA
