"Bin","Temp_Change"
1,-0.264852216747967
2,0.0970512820512818
3,NA
4,NA
5,0.0441426146007547
6,0.121594982078853
7,NA
8,-0.0367241379310344
9,0.161290322580645
